order_id,cancel_probability,predicted_status
36,0.13649649902212616,0
177,0.17514143413303163,0
256,0.27118610690654793,1
148,0.17877574860226045,0
102,0.36455123390142147,1
286,0.22587759048180336,1
156,0.22332848583663434,1
6,0.20350095613282637,1
224,0.11359337597665913,0
209,0.4017389980904709,1
280,0.44331603120136087,1
88,0.41676866716600264,1
229,0.257725831709993,1
295,0.4117229892876135,1
298,0.3611199082445479,1
101,0.21133084745214734,1
166,0.2422139961017858,1
147,0.2710830456602501,1
171,0.3390211773948856,1
250,0.1775203343647494,0
289,0.15705975025627464,0
124,0.14955910022872893,0
179,0.5660524748014676,1
83,0.16512096947744945,0
248,0.127845188256169,0
294,0.4759358054556776,1
218,0.07697383665148852,0
113,0.36697115286472504,1
86,0.2069999711624227,1
245,0.20149905283798888,1
27,0.2940820710240995,1
176,0.2884286836652245,1
119,0.4182151871041024,1
292,0.13720141237480588,0
240,0.5292649336960197,1
247,0.6519413876993758,1
299,0.6160677276531079,1
213,0.46155215627987106,1
129,0.32543065122186965,1
290,0.16925789899356394,0
46,0.1376064299500946,0
89,0.17071694868847045,0
170,0.12677297116507352,0
59,0.2625233276022955,1
193,0.18017767413014046,0
37,0.23310899991277081,1
273,0.18742767365376795,0
198,0.10703355798600034,0
210,0.1705743323556148,0
94,0.17502850316622356,0
